id,created_on,creator_id,topic
1,2008-08-18,3805,Fitness
14,2015-11-27,77,Fitness
19,2011-11-22,3962,Fitness
42,2011-03-12,3267,Fitness
55,2012-10-03,4516,Fitness
58,2014-05-31,1412,Fitness
59,2015-03-02,4538,Fitness
61,2013-02-11,3064,Fitness
66,2015-06-22,6381,Fitness
68,2012-02-14,8285,Fitness
72,2008-12-15,8634,Fitness
78,2012-01-16,2937,Fitness
85,2002-09-04,568,Fitness
95,2015-04-30,3886,Fitness
113,2013-07-07,5535,Fitness
124,2015-10-08,1456,Fitness
125,2010-10-07,8061,Fitness
138,2012-08-03,3153,Fitness
147,2011-08-02,9192,Fitness
151,2014-07-26,6455,Fitness
156,2015-12-12,1955,Fitness
159,2009-08-25,6943,Fitness
162,2015-08-21,7166,Fitness
177,2015-01-24,6630,Fitness
187,2013-03-06,6742,Fitness
188,2012-10-15,136,Fitness
192,2012-01-10,7668,Fitness
193,2011-01-01,8046,Fitness
201,2008-04-28,9371,Fitness
224,2012-02-25,3651,Fitness
239,2014-10-14,2792,Fitness
251,2009-05-31,2435,Fitness
257,2014-02-20,9068,Fitness
264,2009-03-21,2879,Fitness
268,2014-06-28,187,Fitness
277,2012-09-20,2399,Fitness
281,2012-09-28,2110,Fitness
287,2014-11-16,6768,Fitness
307,2015-11-24,5129,Fitness
326,2015-07-01,4864,Fitness
338,2009-08-28,8596,Fitness
341,2015-08-20,4427,Fitness
345,2015-12-30,8752,Fitness
348,2015-12-26,2672,Fitness
354,2012-04-21,7853,Fitness
364,2005-03-09,9211,Fitness
369,2014-10-06,9574,Fitness
372,2004-02-16,8954,Fitness
378,2010-07-30,8725,Fitness
387,2015-09-26,1796,Fitness
389,2015-09-14,7018,Fitness
392,2011-12-01,7181,Fitness
408,2010-08-17,6051,Fitness
428,2008-03-31,5610,Fitness
429,2015-04-27,5609,Fitness
436,2013-04-12,6709,Fitness
450,2015-05-21,9481,Fitness
463,2010-09-29,2665,Fitness
486,2015-10-21,9476,Fitness
495,2014-03-10,3026,Fitness
502,2014-08-16,165,Fitness
508,2012-11-04,1454,Fitness
519,2015-07-01,9693,Fitness
522,2005-07-29,4341,Fitness
548,2008-08-10,9689,Fitness
557,2013-02-13,3864,Fitness
559,2015-12-27,2152,Fitness
581,2015-07-22,896,Fitness
599,2013-06-07,9250,Fitness
612,2010-09-26,1003,Fitness
630,2015-12-23,7198,Fitness
631,2011-07-28,4613,Fitness
649,2006-02-22,5777,Fitness
652,2013-04-24,28,Fitness
677,2015-10-14,8211,Fitness
679,2011-03-15,6177,Fitness
700,2013-07-22,5896,Fitness
705,2015-10-18,4161,Fitness
722,2013-10-28,4957,Fitness
727,2015-01-06,6133,Fitness
731,2012-06-20,2331,Fitness
739,2010-05-17,9456,Fitness
740,2015-08-07,1065,Fitness
756,2014-06-20,4410,Fitness
762,2015-10-06,9380,Fitness
776,2013-06-15,5956,Fitness
778,2015-08-31,7175,Fitness
784,2015-11-16,5901,Fitness
792,2004-10-22,3630,Fitness
802,2007-05-04,4362,Fitness
811,2006-03-04,767,Fitness
818,2014-05-19,6998,Fitness
825,2014-10-18,6193,Fitness
829,2012-08-27,1442,Fitness
836,2014-11-08,8569,Fitness
839,2008-04-11,7145,Fitness
878,2015-06-26,490,Fitness
888,2013-03-28,6767,Fitness
892,2013-05-07,5230,Fitness
933,2015-04-09,6117,Fitness
934,2013-01-08,3774,Fitness
960,2014-05-07,1332,Fitness
973,2004-05-02,7680,Fitness
978,2014-10-13,1949,Fitness
991,2010-08-08,4654,Fitness
996,2014-01-21,986,Fitness
44,2015-07-17,252,Politics
73,2008-08-22,444,Politics
80,2014-04-06,9712,Politics
86,2012-06-01,1217,Politics
96,2011-06-11,3242,Politics
100,2013-07-12,3625,Politics
103,2011-11-19,6977,Politics
105,2014-12-06,5275,Politics
123,2009-01-08,2334,Politics
135,2009-12-25,1906,Politics
136,2004-02-23,707,Politics
170,2015-10-16,9643,Politics
180,2013-03-09,6510,Politics
184,2014-03-08,6285,Politics
186,2015-04-18,1260,Politics
200,2014-10-04,1189,Politics
207,2011-02-01,5175,Politics
222,2007-12-13,9817,Politics
223,2015-07-16,3733,Politics
228,2015-07-29,3775,Politics
234,2013-06-06,5936,Politics
237,2003-10-26,5544,Politics
256,2012-04-23,3337,Politics
265,2012-06-15,6237,Politics
311,2015-12-30,3090,Politics
318,2013-03-07,4982,Politics
325,2014-12-19,6609,Politics
334,2015-01-04,1887,Politics
342,2003-03-25,2359,Politics
344,2012-01-21,7538,Politics
357,2015-11-25,8434,Politics
365,2015-04-18,3340,Politics
375,2005-09-05,2045,Politics
376,2012-03-06,4291,Politics
390,2014-10-10,4519,Politics
395,2015-11-17,8177,Politics
400,2011-03-07,4400,Politics
402,2014-10-23,4420,Politics
407,2015-10-28,9712,Politics
412,2015-05-09,1654,Politics
416,2014-05-09,3393,Politics
431,2014-05-08,8720,Politics
445,2015-12-15,4244,Politics
457,2011-05-20,7311,Politics
464,2014-12-07,3485,Politics
466,2014-07-13,309,Politics
484,2015-09-30,7536,Politics
485,2000-05-19,6381,Politics
488,2013-08-12,7960,Politics
491,2015-09-14,2572,Politics
531,2015-11-29,3279,Politics
545,2015-12-05,6225,Politics
546,2013-12-06,7567,Politics
549,2014-03-05,925,Politics
552,2012-04-24,9585,Politics
561,2013-07-12,3687,Politics
582,2010-01-10,2718,Politics
607,2014-12-20,1433,Politics
645,2009-06-20,1067,Politics
657,2015-11-25,6697,Politics
663,2014-08-05,4561,Politics
710,2014-09-05,5776,Politics
715,2013-02-19,1562,Politics
741,2012-09-15,1977,Politics
744,2014-12-06,5086,Politics
749,2015-08-16,9573,Politics
794,2013-07-24,6565,Politics
800,2010-09-18,771,Politics
807,2012-12-06,7535,Politics
808,2015-12-22,1864,Politics
819,2014-08-11,8464,Politics
821,2013-07-28,3438,Politics
831,2014-11-01,2184,Politics
846,2008-08-14,4115,Politics
851,2011-11-02,1160,Politics
860,2007-12-04,650,Politics
863,2010-11-14,2138,Politics
865,2013-10-25,4703,Politics
868,2014-09-10,8392,Politics
870,2014-05-22,2523,Politics
908,2015-03-13,6182,Politics
922,2014-05-30,5769,Politics
924,2009-06-29,5827,Politics
932,2011-12-24,2853,Politics
935,2010-12-17,4815,Politics
943,2015-06-25,2169,Politics
954,2010-10-10,6986,Politics
966,2013-02-09,2938,Politics
968,2015-03-14,9282,Politics
997,2014-08-14,2669,Politics
10,2014-02-10,713,Food
15,2015-07-28,1902,Food
22,2013-10-12,8793,Food
25,2013-05-04,6084,Food
40,2015-05-20,538,Food
48,2014-06-22,320,Food
60,2009-08-11,305,Food
62,2006-08-10,2193,Food
89,2014-12-15,1108,Food
94,2011-12-22,6455,Food
127,2006-12-13,4166,Food
142,2015-12-10,7574,Food
146,2006-01-31,6134,Food
158,2012-08-08,2064,Food
171,2009-04-21,1257,Food
175,2014-01-12,328,Food
212,2014-02-16,5049,Food
218,2003-11-16,1307,Food
225,2015-03-08,6507,Food
241,2011-02-12,5897,Food
244,2012-12-12,6927,Food
248,2012-09-09,6977,Food
259,2010-07-25,1692,Food
260,2011-08-02,1565,Food
261,2012-10-02,4981,Food
262,2014-03-10,9370,Food
286,2014-02-13,9955,Food
292,2015-02-14,2358,Food
309,2014-03-26,5586,Food
315,2015-08-27,1140,Food
321,2014-05-02,5176,Food
322,2011-02-17,6873,Food
323,2013-02-18,2645,Food
333,2007-06-22,7613,Food
356,2013-07-08,9206,Food
359,2013-09-10,9581,Food
386,2007-02-09,5961,Food
396,2014-11-29,4202,Food
399,2014-08-08,6362,Food
413,2013-05-08,7602,Food
421,2015-08-18,2202,Food
424,2009-09-22,9144,Food
441,2015-05-13,1326,Food
447,2013-09-16,502,Food
448,2015-09-24,1516,Food
454,2006-03-25,1086,Food
468,2007-11-12,9394,Food
471,2015-04-27,5361,Food
474,2015-02-26,6835,Food
497,2012-07-31,8533,Food
499,2010-10-21,5450,Food
503,2014-06-29,3136,Food
504,2015-08-03,2279,Food
505,2014-02-16,3328,Food
507,2010-01-10,2322,Food
516,2012-12-21,7039,Food
529,2014-12-28,7420,Food
533,2013-02-15,8457,Food
535,2013-12-01,7960,Food
539,2013-04-18,2517,Food
547,2010-10-20,3585,Food
565,2008-09-05,9620,Food
585,2004-10-25,5123,Food
604,2009-07-13,5945,Food
617,2015-08-21,1013,Food
626,2015-07-12,2349,Food
642,2008-03-19,8846,Food
659,2012-07-11,4629,Food
689,2011-11-16,8048,Food
702,2012-10-08,4029,Food
714,2012-12-01,7213,Food
716,2005-07-13,7442,Food
735,2015-09-06,953,Food
753,2008-12-15,7400,Food
757,2009-09-28,9853,Food
767,2015-10-20,3367,Food
780,2001-11-17,816,Food
786,2015-11-30,608,Food
809,2012-10-26,8532,Food
815,2012-09-15,156,Food
842,2015-08-22,1856,Food
843,2008-04-08,618,Food
847,2014-11-05,193,Food
874,2012-04-29,2813,Food
875,2014-12-21,5555,Food
876,2014-11-12,9606,Food
881,2010-11-26,1996,Food
884,2006-10-19,3902,Food
890,2015-08-30,312,Food
899,2011-08-05,999,Food
909,2015-10-14,4897,Food
910,2015-06-18,4742,Food
911,2015-02-06,7728,Food
913,2015-09-11,857,Food
923,2015-10-25,953,Food
931,2013-09-04,1720,Food
938,2007-06-21,104,Food
945,2013-06-04,8122,Food
956,2015-07-15,3419,Food
965,2003-05-29,7326,Food
976,2014-05-24,1158,Food
993,2013-06-27,4128,Food
995,2015-11-24,1081,Food
4,2015-02-21,5379,Movies
5,2014-11-22,928,Movies
8,2012-05-13,7545,Movies
47,2003-03-13,1639,Movies
50,2008-02-26,7437,Movies
53,2012-09-14,7399,Movies
67,2008-03-25,7130,Movies
77,2014-02-10,4240,Movies
79,2014-05-21,9186,Movies
90,2001-11-30,258,Movies
93,2002-01-19,1091,Movies
97,2012-09-13,183,Movies
118,2008-01-25,3943,Movies
122,2014-11-25,4464,Movies
129,2014-09-01,7403,Movies
131,2011-11-23,870,Movies
133,2013-12-05,6674,Movies
145,2015-05-07,4721,Movies
153,2015-10-22,8768,Movies
154,2014-12-31,5422,Movies
157,2013-08-08,4039,Movies
168,2013-11-23,8781,Movies
189,2008-09-05,3551,Movies
208,2009-02-15,93,Movies
213,2012-07-10,6208,Movies
216,2005-11-17,7736,Movies
232,2007-12-06,4923,Movies
236,2014-01-12,7269,Movies
266,2015-10-23,9387,Movies
274,2015-03-23,6180,Movies
276,2014-08-08,318,Movies
282,2011-09-01,632,Movies
294,2015-12-10,5095,Movies
295,2014-06-01,1795,Movies
299,2015-12-18,253,Movies
308,2006-12-07,3432,Movies
312,2015-05-22,7054,Movies
316,2014-10-14,2065,Movies
332,2015-05-17,446,Movies
410,2015-12-28,8740,Movies
417,2012-11-03,5904,Movies
440,2013-02-08,9777,Movies
467,2007-03-21,6202,Movies
475,2009-03-22,4252,Movies
496,2012-08-21,8189,Movies
509,2015-09-24,6468,Movies
513,2003-02-13,4452,Movies
521,2013-05-14,2963,Movies
534,2013-05-06,649,Movies
569,2015-07-26,9933,Movies
574,2014-12-25,2228,Movies
588,2012-12-18,3167,Movies
595,2015-05-14,4455,Movies
600,2012-01-28,250,Movies
602,2014-09-28,6770,Movies
611,2014-12-01,6167,Movies
635,2010-11-24,269,Movies
637,2010-07-15,3675,Movies
661,2010-10-25,5728,Movies
666,2008-11-15,2499,Movies
671,2008-06-21,5198,Movies
688,2006-04-14,1691,Movies
697,2014-12-31,9310,Movies
719,2015-12-31,9298,Movies
720,2015-07-19,1398,Movies
726,2015-09-27,4176,Movies
729,2014-04-06,6306,Movies
748,2005-07-06,440,Movies
761,2010-03-17,6833,Movies
772,2014-07-22,2330,Movies
782,2011-04-09,4801,Movies
805,2009-10-11,3179,Movies
806,2015-12-07,3737,Movies
810,2012-08-22,8131,Movies
814,2006-10-27,2768,Movies
820,2013-09-07,872,Movies
822,2012-12-28,8079,Movies
826,2009-11-01,2854,Movies
837,2014-07-11,5991,Movies
849,2013-11-07,1747,Movies
867,2015-09-29,6364,Movies
872,2015-12-07,7771,Movies
904,2014-10-05,5786,Movies
918,2013-03-15,6475,Movies
925,2015-02-13,8594,Movies
926,2009-05-14,8513,Movies
962,2013-03-19,7793,Movies
967,2015-03-15,9485,Movies
979,2009-06-07,827,Movies
984,2010-01-15,7582,Movies
986,2015-11-21,3148,Movies
990,2015-12-04,784,Movies
1000,2013-01-31,6331,Movies
11,2012-05-07,2228,TV
13,2009-05-06,480,TV
38,2015-11-18,4914,TV
39,2012-08-19,2505,TV
69,2014-05-13,7547,TV
74,2012-01-18,5213,TV
84,2012-10-05,8328,TV
88,2014-11-12,3505,TV
109,2010-01-10,3590,TV
148,2015-10-07,1980,TV
160,2014-08-22,1770,TV
164,2004-11-08,4208,TV
166,2015-03-02,28,TV
169,2003-03-02,7802,TV
185,2005-12-20,1511,TV
204,2013-03-04,849,TV
205,2015-10-04,8421,TV
227,2010-04-24,8247,TV
238,2015-10-31,9112,TV
240,2011-07-21,1003,TV
247,2011-01-19,4268,TV
313,2007-05-06,2242,TV
319,2011-09-12,9663,TV
327,2015-08-03,3563,TV
339,2013-12-06,15,TV
340,2015-10-26,6604,TV
358,2004-07-25,1941,TV
368,2013-01-31,2979,TV
373,2011-12-28,972,TV
377,2015-01-26,1802,TV
380,2008-09-11,4786,TV
384,2013-06-18,4493,TV
405,2014-11-30,9875,TV
414,2007-04-26,4840,TV
420,2014-07-29,8911,TV
427,2015-07-04,1426,TV
443,2013-04-29,8244,TV
449,2005-06-10,691,TV
453,2013-01-25,7120,TV
456,2012-11-21,6353,TV
469,2014-10-03,5608,TV
472,2008-06-05,4317,TV
476,2009-05-29,7636,TV
478,2015-03-30,4884,TV
493,2011-09-11,9411,TV
550,2015-12-12,7412,TV
556,2012-06-13,6979,TV
566,2015-07-28,393,TV
571,2012-07-09,8501,TV
575,2012-08-23,2256,TV
577,2015-05-22,2433,TV
583,2014-10-29,3462,TV
584,2014-05-23,1330,TV
587,2015-06-06,1724,TV
589,2010-11-20,2402,TV
590,2012-01-27,3517,TV
592,2010-08-04,4721,TV
609,2011-07-12,9636,TV
618,2015-04-13,9384,TV
620,2014-09-07,540,TV
622,2013-10-03,9667,TV
632,2013-04-08,8573,TV
640,2014-09-07,8219,TV
647,2014-10-11,1668,TV
658,2012-10-11,5114,TV
672,2013-02-07,2208,TV
680,2011-05-21,8299,TV
684,2015-10-27,3550,TV
686,2013-09-02,5708,TV
693,2009-12-27,9992,TV
698,2012-10-18,6131,TV
717,2008-07-27,8271,TV
721,2015-04-29,955,TV
725,2003-06-16,7015,TV
737,2011-11-02,7489,TV
746,2015-05-11,4618,TV
747,2015-06-15,5855,TV
750,2012-08-12,7302,TV
754,2015-10-30,8370,TV
764,2015-11-06,7996,TV
775,2006-07-04,2590,TV
803,2010-07-20,9636,TV
816,2015-10-04,202,TV
824,2009-05-24,5702,TV
854,2005-02-05,3212,TV
864,2014-12-30,7841,TV
889,2013-07-27,9549,TV
898,2013-09-23,4012,TV
903,2012-02-11,7545,TV
906,2010-10-29,1930,TV
912,2014-05-19,5286,TV
936,2012-12-11,2199,TV
953,2015-06-04,2805,TV
955,2012-09-10,9831,TV
975,2014-02-19,7571,TV
988,2015-11-08,2053,TV
989,2015-04-05,9384,TV
3,2015-10-04,8818,Sports
26,2009-06-06,8774,Sports
28,2001-01-16,372,Sports
32,2005-08-23,6418,Sports
43,2011-07-12,3992,Sports
56,2015-11-10,3758,Sports
57,2009-01-15,9806,Sports
71,2008-08-20,376,Sports
75,2010-04-30,4152,Sports
81,2015-12-16,9248,Sports
82,2015-12-31,8055,Sports
91,2015-11-29,1462,Sports
102,2015-11-09,3647,Sports
120,2010-03-06,8977,Sports
143,2015-12-30,1258,Sports
144,2014-12-16,9522,Sports
152,2014-03-08,4160,Sports
167,2015-06-13,5485,Sports
172,2013-08-24,8927,Sports
195,2015-06-17,1479,Sports
199,2015-07-09,2273,Sports
229,2012-09-28,217,Sports
231,2011-01-09,7262,Sports
235,2008-07-01,2513,Sports
255,2015-12-19,2514,Sports
258,2009-12-17,9865,Sports
271,2014-10-25,9769,Sports
275,2007-11-02,5176,Sports
285,2014-11-30,8052,Sports
297,2011-11-14,607,Sports
302,2013-07-26,510,Sports
324,2015-10-25,9481,Sports
329,2015-12-27,8076,Sports
330,2012-03-02,9873,Sports
355,2015-10-17,1962,Sports
379,2012-11-18,5914,Sports
425,2014-04-03,2773,Sports
438,2015-09-09,7506,Sports
458,2012-04-01,5613,Sports
462,2012-11-25,4813,Sports
465,2010-04-13,9440,Sports
473,2007-06-26,601,Sports
482,2004-09-20,542,Sports
506,2010-07-13,6243,Sports
514,2009-11-29,9915,Sports
517,2015-06-03,7858,Sports
520,2009-11-07,4813,Sports
524,2015-12-15,3050,Sports
525,2015-02-27,3198,Sports
554,2015-01-01,4976,Sports
558,2014-07-05,2971,Sports
563,2013-01-11,2552,Sports
579,2013-10-05,9593,Sports
580,2015-01-29,2877,Sports
596,2004-01-26,6281,Sports
601,2006-06-16,1797,Sports
603,2011-11-03,4467,Sports
615,2008-09-03,5873,Sports
633,2013-06-03,8983,Sports
634,2015-07-10,2051,Sports
648,2009-10-12,6816,Sports
650,2006-09-07,725,Sports
651,2010-01-13,2809,Sports
654,2012-08-10,3022,Sports
655,2012-10-18,3361,Sports
662,2000-12-12,1346,Sports
665,2014-08-27,5717,Sports
667,2012-03-28,1941,Sports
670,2015-10-23,2793,Sports
674,2009-03-28,3236,Sports
683,2015-11-01,6387,Sports
706,2013-05-14,8161,Sports
723,2014-12-14,4758,Sports
732,2009-04-23,6961,Sports
745,2014-08-14,8392,Sports
755,2015-05-20,9279,Sports
758,2015-02-21,1673,Sports
765,2013-07-25,7331,Sports
769,2015-10-22,1604,Sports
770,2013-08-26,1924,Sports
785,2013-12-05,1784,Sports
787,2011-08-25,9789,Sports
796,2010-10-22,2537,Sports
797,2009-11-06,9995,Sports
798,2012-04-12,2420,Sports
799,2013-09-24,1991,Sports
813,2015-05-05,5772,Sports
834,2012-03-19,3480,Sports
838,2010-04-22,2628,Sports
850,2015-07-11,2996,Sports
852,2015-06-16,7070,Sports
855,2014-06-28,6778,Sports
869,2013-10-06,8778,Sports
894,2003-11-22,1936,Sports
919,2014-10-05,2091,Sports
928,2015-10-04,1383,Sports
941,2015-11-21,9521,Sports
950,2011-01-28,4796,Sports
959,2013-08-15,584,Sports
964,2015-06-02,5474,Sports
974,2015-12-13,7753,Sports
977,2013-04-20,925,Sports
982,2015-02-13,3818,Sports
983,2015-10-20,4816,Sports
987,2015-06-06,3057,Sports
18,2014-07-14,4698,Music
35,2010-11-28,7363,Music
64,2011-10-14,9315,Music
76,2015-05-07,9574,Music
87,2015-09-21,2987,Music
134,2012-08-23,6479,Music
139,2006-02-26,6049,Music
163,2007-06-27,7884,Music
165,2010-01-10,6280,Music
178,2015-08-30,4441,Music
196,2010-05-09,1050,Music
211,2009-02-12,7142,Music
215,2006-03-14,7126,Music
219,2011-08-16,6166,Music
226,2010-10-12,589,Music
233,2003-04-11,118,Music
250,2013-11-20,8761,Music
269,2015-04-26,2843,Music
279,2002-08-31,5690,Music
284,2015-10-30,6995,Music
288,2009-06-27,7349,Music
291,2014-07-31,5126,Music
296,2014-03-21,1154,Music
306,2014-12-24,5800,Music
310,2015-04-08,9116,Music
320,2012-10-06,1095,Music
331,2013-05-08,4134,Music
335,2013-12-09,3567,Music
336,2015-07-03,5340,Music
347,2013-09-13,8824,Music
350,2006-08-12,1533,Music
351,2015-06-19,2767,Music
362,2015-04-14,9852,Music
366,2008-08-26,1124,Music
383,2014-08-26,3600,Music
388,2013-09-29,2861,Music
403,2015-12-17,1882,Music
404,2014-09-07,4067,Music
411,2015-09-29,1816,Music
415,2008-02-18,3283,Music
419,2008-01-06,178,Music
430,2011-10-01,3995,Music
432,2013-09-04,148,Music
483,2007-07-13,7231,Music
487,2015-03-07,270,Music
490,2015-06-29,9513,Music
511,2012-04-02,6561,Music
518,2009-02-04,3430,Music
537,2010-11-22,6209,Music
551,2013-10-30,613,Music
555,2014-02-26,3354,Music
573,2015-08-08,2257,Music
586,2015-10-30,4284,Music
593,2014-06-16,1460,Music
594,2014-04-21,8584,Music
610,2015-07-22,5057,Music
619,2010-08-21,7516,Music
625,2013-12-28,2565,Music
653,2012-06-30,9202,Music
660,2005-11-19,2785,Music
675,2010-10-26,6289,Music
685,2001-09-18,4777,Music
691,2013-01-31,4003,Music
695,2002-04-22,678,Music
696,2011-08-14,6157,Music
703,2015-12-26,5451,Music
704,2014-06-07,9948,Music
707,2005-04-16,5262,Music
718,2011-04-01,5487,Music
728,2015-09-16,9226,Music
738,2014-10-17,7990,Music
743,2012-02-05,1253,Music
766,2015-08-16,7171,Music
774,2014-05-18,249,Music
779,2015-06-22,640,Music
791,2015-12-30,6573,Music
801,2003-10-04,826,Music
812,2012-12-18,5242,Music
823,2012-10-08,9111,Music
830,2013-12-20,6569,Music
832,2007-02-07,4375,Music
835,2012-06-09,229,Music
841,2013-06-17,1763,Music
845,2013-08-26,6047,Music
859,2006-08-24,1557,Music
871,2010-01-17,4188,Music
879,2008-03-29,5080,Music
880,2015-10-24,8502,Music
882,2014-03-19,9130,Music
897,2010-10-13,9647,Music
905,2014-09-04,131,Music
916,2015-05-12,1000,Music
930,2015-07-11,610,Music
939,2010-08-15,9452,Music
948,2014-12-27,8124,Music
970,2015-04-05,5445,Music
972,2014-04-10,2958,Music
992,2014-11-19,8294,Music
998,2014-08-28,3569,Music
6,2011-08-11,9814,Literature
7,2015-11-16,1875,Literature
9,2013-07-22,2863,Literature
12,2015-04-06,805,Literature
16,2015-11-10,9574,Literature
17,2013-11-01,9676,Literature
20,2013-08-06,7692,Literature
21,2013-11-18,4398,Literature
23,2010-07-19,4549,Literature
24,2015-10-09,6250,Literature
31,2009-04-28,3744,Literature
34,2013-05-23,3746,Literature
49,2013-06-03,7892,Literature
54,2015-05-24,1031,Literature
63,2006-12-18,5254,Literature
65,2014-12-05,2918,Literature
99,2008-07-09,8901,Literature
107,2015-10-26,9334,Literature
108,2012-06-28,3569,Literature
114,2015-05-30,8107,Literature
126,2013-02-20,4673,Literature
137,2010-01-09,8021,Literature
140,2010-06-19,2799,Literature
141,2013-02-11,4412,Literature
150,2015-12-27,6346,Literature
173,2014-05-14,2929,Literature
176,2015-04-01,6324,Literature
179,2011-11-18,9252,Literature
181,2015-06-14,9588,Literature
191,2009-10-02,8890,Literature
220,2014-11-25,3119,Literature
230,2014-02-04,9209,Literature
242,2015-12-26,3816,Literature
243,2010-10-31,7805,Literature
245,2014-02-22,1828,Literature
249,2006-09-22,6358,Literature
273,2011-05-19,6072,Literature
280,2011-04-25,1337,Literature
300,2003-03-05,2820,Literature
303,2011-09-22,811,Literature
314,2009-01-27,2231,Literature
328,2012-04-08,8194,Literature
337,2011-02-01,3390,Literature
363,2015-09-13,3005,Literature
370,2012-09-27,1992,Literature
393,2014-04-10,3687,Literature
397,2009-09-30,4011,Literature
406,2012-09-01,3570,Literature
409,2005-11-14,7679,Literature
418,2012-09-15,3357,Literature
426,2013-09-22,9442,Literature
435,2015-12-28,2672,Literature
439,2010-04-23,4444,Literature
455,2014-05-30,4680,Literature
459,2006-09-13,2688,Literature
477,2015-06-19,5733,Literature
481,2015-08-18,5130,Literature
510,2014-07-14,5663,Literature
512,2014-03-07,8947,Literature
523,2009-03-08,116,Literature
532,2015-07-03,9225,Literature
544,2005-06-01,8640,Literature
572,2012-08-17,8025,Literature
591,2015-06-05,3204,Literature
606,2011-01-02,1804,Literature
608,2015-01-22,7692,Literature
613,2004-08-11,26,Literature
629,2013-09-22,6400,Literature
639,2015-03-05,7571,Literature
643,2009-03-23,2985,Literature
669,2009-01-21,2246,Literature
673,2015-05-07,4132,Literature
676,2002-02-27,7910,Literature
678,2014-05-31,5365,Literature
681,2010-06-09,9288,Literature
687,2014-08-28,8017,Literature
708,2014-02-21,1954,Literature
713,2011-01-22,5098,Literature
730,2012-09-23,196,Literature
733,2014-04-25,9914,Literature
752,2015-09-06,3351,Literature
760,2006-12-10,5189,Literature
771,2013-06-24,2535,Literature
788,2008-01-12,972,Literature
789,2013-08-21,9578,Literature
795,2015-06-19,4742,Literature
853,2015-12-31,282,Literature
856,2014-05-22,9547,Literature
861,2013-06-11,8136,Literature
886,2015-07-24,9973,Literature
891,2009-02-05,7529,Literature
893,2015-09-11,9005,Literature
900,2013-07-22,2434,Literature
917,2005-04-30,4550,Literature
921,2009-02-20,9219,Literature
927,2010-12-05,5554,Literature
944,2008-07-12,9467,Literature
947,2015-03-12,9582,Literature
952,2003-02-16,8976,Literature
961,2014-08-17,4359,Literature
963,2013-02-26,3598,Literature
969,2008-12-14,590,Literature
980,2012-11-21,3611,Literature
981,2013-03-09,2590,Literature
985,2013-04-18,562,Literature
999,2015-08-27,4421,Literature
27,2015-01-25,4620,Cats
30,2015-06-08,1726,Cats
33,2015-02-06,9624,Cats
36,2015-03-11,5083,Cats
41,2014-11-30,8408,Cats
52,2012-01-22,2309,Cats
70,2009-10-25,9050,Cats
83,2006-08-20,3839,Cats
110,2007-01-28,3149,Cats
111,2010-09-07,4734,Cats
112,2010-07-25,3222,Cats
117,2009-06-27,9231,Cats
119,2013-10-11,4748,Cats
121,2013-11-06,7204,Cats
128,2014-01-30,2487,Cats
130,2010-11-11,2907,Cats
149,2015-11-07,6862,Cats
161,2014-02-02,275,Cats
174,2008-09-11,8290,Cats
182,2015-01-13,3801,Cats
183,2012-09-28,234,Cats
194,2011-08-11,8410,Cats
198,2015-04-25,740,Cats
203,2013-08-19,1134,Cats
209,2015-04-26,3182,Cats
210,2002-07-17,1237,Cats
214,2012-03-24,5459,Cats
217,2015-03-14,5977,Cats
221,2014-09-15,6919,Cats
252,2012-08-10,5240,Cats
289,2012-04-15,1568,Cats
290,2014-07-03,9565,Cats
298,2010-05-24,8278,Cats
317,2011-01-05,2153,Cats
343,2013-03-21,4803,Cats
352,2015-01-09,9807,Cats
353,2013-10-26,3026,Cats
367,2011-04-08,7204,Cats
371,2012-11-19,5194,Cats
374,2015-03-06,2319,Cats
382,2010-10-25,2153,Cats
385,2015-06-28,8591,Cats
394,2014-10-31,439,Cats
398,2011-04-10,2718,Cats
401,2008-10-11,2625,Cats
423,2013-11-09,5451,Cats
433,2009-08-19,6159,Cats
437,2012-09-27,1154,Cats
444,2014-02-08,7180,Cats
452,2014-03-19,2298,Cats
461,2015-02-03,2646,Cats
479,2013-02-07,5451,Cats
494,2006-09-25,8163,Cats
498,2008-08-26,1961,Cats
501,2015-12-13,2101,Cats
515,2014-12-26,1182,Cats
526,2013-12-02,8989,Cats
527,2015-12-25,9628,Cats
536,2014-10-14,2815,Cats
540,2003-02-27,9930,Cats
541,2010-11-29,6563,Cats
543,2006-10-18,6264,Cats
562,2015-11-15,9595,Cats
564,2009-03-23,2820,Cats
568,2015-12-17,4374,Cats
570,2014-06-09,5298,Cats
576,2013-06-16,3907,Cats
578,2014-12-27,524,Cats
598,2013-10-01,8934,Cats
605,2006-12-02,7374,Cats
614,2014-08-11,6708,Cats
621,2014-12-23,2315,Cats
623,2015-12-20,5010,Cats
627,2006-09-21,1243,Cats
636,2014-06-28,6236,Cats
638,2009-08-07,4312,Cats
641,2015-01-16,171,Cats
644,2015-09-04,8404,Cats
664,2011-03-20,9678,Cats
668,2010-01-04,7313,Cats
682,2014-07-19,9233,Cats
694,2015-11-07,3747,Cats
699,2014-07-29,8649,Cats
734,2015-04-15,4646,Cats
751,2007-10-04,8548,Cats
763,2014-11-23,9178,Cats
773,2015-11-15,9527,Cats
777,2007-01-12,1201,Cats
793,2013-02-09,683,Cats
827,2015-11-20,9007,Cats
833,2013-01-19,1091,Cats
844,2014-07-16,5047,Cats
848,2010-03-09,7085,Cats
858,2011-10-04,7447,Cats
877,2013-09-12,2129,Cats
887,2014-11-18,7782,Cats
895,2014-11-17,7726,Cats
896,2012-03-29,6161,Cats
901,2015-02-20,964,Cats
907,2015-12-15,1561,Cats
914,2007-01-31,8616,Cats
915,2008-02-10,6615,Cats
920,2009-03-01,8849,Cats
929,2015-11-08,7105,Cats
937,2015-12-04,3283,Cats
940,2014-10-08,4329,Cats
942,2015-07-29,8757,Cats
951,2009-09-04,2201,Cats
957,2013-10-08,5717,Cats
958,2014-08-07,3223,Cats
971,2011-01-22,7292,Cats
2,2012-07-27,7471,Games
29,2011-08-16,8780,Games
37,2012-05-06,9514,Games
45,2015-09-19,7320,Games
46,2015-08-13,6345,Games
51,2015-08-16,6578,Games
92,2012-10-02,4351,Games
98,2011-10-19,3488,Games
101,2013-06-01,2403,Games
104,2012-01-03,3959,Games
106,2015-08-01,343,Games
115,2014-02-28,7345,Games
116,2010-04-25,9765,Games
132,2014-11-21,4383,Games
155,2013-12-21,1316,Games
190,2006-10-10,1378,Games
197,2013-02-16,5973,Games
202,2014-12-12,8214,Games
206,2015-10-15,3155,Games
246,2015-07-06,5418,Games
253,2007-08-05,2494,Games
254,2014-03-20,3332,Games
263,2015-02-15,6756,Games
267,2014-06-25,7120,Games
270,2015-12-26,8305,Games
272,2015-02-20,2592,Games
278,2015-06-09,5485,Games
283,2012-03-27,1501,Games
293,2011-04-20,1384,Games
301,2010-12-09,2428,Games
304,2012-10-28,4075,Games
305,2006-12-08,4106,Games
346,2000-08-16,1638,Games
349,2014-04-01,9117,Games
360,2011-12-19,4865,Games
361,2014-01-27,9764,Games
381,2010-10-29,1264,Games
391,2011-12-16,5399,Games
422,2014-03-13,5012,Games
434,2013-10-19,5736,Games
442,2012-12-23,9508,Games
446,2011-01-07,940,Games
451,2013-09-14,5430,Games
460,2014-08-10,9453,Games
470,2011-07-22,5165,Games
480,2015-09-15,1212,Games
489,2013-11-02,2899,Games
492,2015-06-20,3794,Games
500,2010-04-26,3624,Games
528,2015-11-04,3603,Games
530,2013-11-22,2534,Games
538,2015-06-30,195,Games
542,2010-02-10,8399,Games
553,2013-07-02,7582,Games
560,2013-07-23,9663,Games
567,2009-01-29,1256,Games
597,2014-05-28,1318,Games
616,2007-12-10,962,Games
624,2010-06-18,7801,Games
628,2015-02-21,3384,Games
646,2011-10-07,8487,Games
656,2014-12-06,1895,Games
690,2002-10-03,3839,Games
692,2005-12-10,3797,Games
701,2014-07-10,4864,Games
709,2013-10-03,4355,Games
711,2012-05-12,6103,Games
712,2012-03-25,1397,Games
724,2015-12-20,6594,Games
736,2014-08-18,3981,Games
742,2015-01-10,5799,Games
759,2007-06-18,972,Games
768,2014-11-26,1413,Games
781,2004-03-26,1513,Games
783,2013-10-09,5607,Games
790,2015-09-11,9325,Games
804,2011-10-01,7828,Games
817,2015-04-26,252,Games
828,2007-08-07,7192,Games
840,2006-01-03,7435,Games
857,2012-03-03,9089,Games
862,2009-04-29,1714,Games
866,2015-05-17,1662,Games
873,2015-12-31,237,Games
883,2011-07-30,2997,Games
885,2011-05-06,7836,Games
902,2013-05-27,7454,Games
946,2013-03-19,1422,Games
949,2015-10-13,6806,Games
994,2007-11-26,7639,Games
